level,resource_type,title,file_id,size_mb
starter,student_book_pdf,American-English-File-Starter-SB.pdf,BQACAgQAAxkBAAMIaqKvwn5qXg0TUKJmvxzKl3oGUL4AAgcmAALgXAABUVyfGEfHCB32PQQ,115.05
starter,student_book_audio,American-English-File-Starter-SB.zip,BQACAgQAAxkBAAMJaqKvwmEltXZ-0au8H38Ca-6vV-oAAggmAALgXAABUdLt4G0M3l-9PQQ,185.34
starter,workbook_pdf,American-English-File-Starter-WB.pdf,BQACAgQAAxkBAAMKaqKvwqiFArg3Av1h5CrpXvk61xsAAgkmAALgXAABUeYzNTE4hkDTPQQ,25.68
starter,workbook_audio,American-English-File-Starter-WB.zip,BQACAgQAAxkBAAMLaqKvwt_nvXVw5nz4qxfOoYe4t7cAAgomAALgXAABUWGeFrXzSeUBPQQ,24.6
starter,teacher_pdf,American-English-File-Starter-TG.pdf,BQACAgQAAxkBAAMMaqKvwpUOmOxhtVcRbpz6hrmyYCUAAgsmAALgXAABUazgXNAnCSOqPQQ,24.66
starter,practical_video,AEFs-3e-Practical-English-Videos.zip,BQACAgQAAxkBAAMNaqKvwi6Zlj4-7tR3A0iqX8sruKsAAgwmAALgXAABUXVU172NoutHPQQ,237.33
starter,review_video,AEFs-3e-Review-and-Check-Videos.zip,BQACAgQAAxkBAAMOaqKvwpKuEd8BdeTeS9ha0SHsjesAAg0mAALgXAABUXlS7o9YvE-3PQQ,49.86
starter,listening_video,AEFs-3e-Video-Listening-All-Video.zip,BQACAgQAAxkBAAMPaqKvwvcKJI0PYuGTjqv3h0q21pQAAg4mAALgXAABUd1hbyUEGiZBPQQ,168.91
level_1,student_book_pdf,American-English-File-Book1-SB.pdf,BQACAgQAAxkBAAMdaqKxE8DTtx-wT01gn8fIqgqImCEAAg8mAALgXAABUapxJeTS0wt6PQQ,90.65
level_1,student_book_audio,American-English-File-Book1-SB.zip,BQACAgQAAxkBAAMeaqKxEzrBcqdVLHmyDWJb_kZdNOsAAhAmAALgXAABUa8bF_MiAAGpkD0E,197.22
level_1,workbook_pdf,American-English-File-Book1-WB.pdf,BQACAgQAAxkBAAMfaqKxE5DNQy7qyoQWb-A0w7O0wPkAAhEmAALgXAABURN85mYzheMvPQQ,39.46
level_1,workbook_audio,American-English-File-Book1-WB.zip,BQACAgQAAxkBAAMgaqKxE1oyU8yzrk2j9tmZsJnD42QAAhImAALgXAABURSuop1wl-kAAT0E,29.26
level_1,teacher_pdf,American-English-File-Book1-TG.pdf,BQACAgQAAxkBAAMhaqKxE9TYI81fSbUfeweUKwphgGkAAhMmAALgXAABUebTQy-o2-gLPQQ,18.33
level_1,practical_video,AEF1-3e-Practical-English-Videos.zip,BQACAgQAAxkBAAMiaqKxE783a8e9tPjYKGr9ISJqMu4AAhQmAALgXAABUeTHEgJWVpWcPQQ,852.0
level_1,review_video,AEF1-3e-Review-and-Check-Videos.zip,BQACAgQAAxkBAAMjaqKxE6BebIm-CMxqMWBnrjIhNR4AAhUmAALgXAABUYfd-pU4Og4fPQQ,197.58
level_1,listening_video,AEF1-3e-Video-Listening-All-Video.zip,BQACAgQAAxkBAAMkaqKxE0HoFRPQZS40rP9N-eb_iqcAAhcmAALgXAABUbKsB5kHzNu8PQQ,478.66
level_1,script_pdf,AEF3e-Level-1-Video-script.pdf,BQACAgQAAxkBAAMlaqKxE61xAdxMZRq2pPao-rdkEycAAhgmAALgXAABUaPW-coWWDRqPQQ,0.61
level_2,student_book_pdf,American-English-File-Book2-SB.pdf,BQACAgQAAxkBAAMpaqKxLI_zbSVhfos6yIW0LO6xgSwAAhkmAALgXAABUSqAbNp6CVtJPQQ,88.72
level_2,student_book_audio,American-English-File-Book2-SB.zip,BQACAgQAAxkBAAMqaqKxLLefiIDZxZnJIngRejADb6MAAhsmAALgXAABUa07-tfBUS9GPQQ,566.46
level_2,workbook_pdf,American-English-File-Book2-WB.pdf,BQACAgQAAxkBAAMraqKxLF4r9qZ2LQ0QCUyt2JNbKV8AAhwmAALgXAABURYou6u_VRSqPQQ,21.48
level_2,workbook_audio,American-English-File-Book2-WB.zip,BQACAgQAAxkBAAMsaqKxLCXwMOazsGdagyk10j2oQP4AAh0mAALgXAABUUOBvLmerDY4PQQ,27.73
level_2,teacher_pdf,American-English-File-Book2-TG.pdf,BQACAgQAAxkBAAMtaqKxLDvylVRq9bNk6t_DTMivAAFkAAIeJgAC4FwAAVEKy_gw_-5bgz0E,23.59
level_2,practical_video,AEF2-3e-Practical-English-Videos.zip,BQACAgQAAxkBAAMuaqKxLJ-xmbO1uWm0vnF3D6QeyE8AAh8mAALgXAABUUN6ids8nBA9PQQ,750.14
level_2,review_video,AEF2-3e-Review-and-Check-Videos.zip,BQACAgQAAxkBAAMvaqKxLHDkYCRBO4kjb7jSENrwqb8AAiAmAALgXAABUXManc1-I7g3PQQ,211.0
level_2,listening_video,AEF2-3e-Video-Listening-All-Video.zip,BQACAgQAAxkBAAMwaqKxLBKJclxC-prdt0wsaUsUBCYAAiEmAALgXAABUa06wkSP0D7dPQQ,750.76
level_2,script_pdf,AEF3e-Level-2-Video-script.pdf,BQACAgQAAxkBAAMxaqKxLFcfgpq3PMrXWDJzoLpeJ7MAAiImAALgXAABUTXFI4luqWS0PQQ,0.79
level_3,student_book_pdf,American-English-File-Book3-SB.pdf,BQACAgQAAxkBAAM1aqKxP_xphc595BFc3IPC0D2YjZ4AAiMmAALgXAABUZ6r3JW8ORKpPQQ,88.87
level_3,student_book_audio,American-English-File-Book3-SB.zip,BQACAgQAAxkBAAM2aqKxP4zVQfUTE7q8YkmeZ080SigAAiQmAALgXAABUUc8K4b_gHgIPQQ,561.12
level_3,workbook_pdf,American-English-File-Book3-WB.pdf,BQACAgQAAxkBAAM3aqKxP7OCesD0S3SZ4YlaDCLI5HoAAiUmAALgXAABUSjHclgbRXXsPQQ,16.98
level_3,workbook_audio,American-English-File-Book3-WB.zip,BQACAgQAAxkBAAM4aqKxP48lrHx3j6qmOa1-YtsML88AAiYmAALgXAABUYpbqrR88N41PQQ,17.76
level_3,teacher_pdf,American-English-File-Book3-TG.pdf,BQACAgQAAxkBAAM5aqKxP_CK1De9rBviSlb7tAL8JG0AAicmAALgXAABUSz9SerMJSesPQQ,17.95
level_3,practical_video,AEF3-3e-Practical-English-Videos.zip,BQACAgQAAxkBAAM6aqKxPxhf5YItc9iSRBrykfIBCwQAAigmAALgXAABUcFg5U3Dm_eyPQQ,342.1
level_3,review_video,AEF3-3e-Review-and-Check-Videos.zip,BQACAgQAAxkBAAM7aqKxP6uYxAjQVv9cPRNmQLR5ZZgAAikmAALgXAABUfh8QKXe25-bPQQ,90.39
level_3,listening_video,AEF3-3e-Video-Listening-All-Video.zip,BQACAgQAAxkBAAM8aqKxPx_JotVB_SqYaKChCDh8hzQAAiomAALgXAABUTC2OKNW2-bkPQQ,228.42
level_3,script_pdf,AEF3e-Level-3-Video-script.pdf,BQACAgQAAxkBAAM-aqKxTpE_SXyh2AoQTTFnQa479zUAAismAALgXAABUYkhN1ts_2XmPQQ,0.7
level_4,student_book_pdf,American-English-File-Book4-SB.pdf,BQACAgQAAxkBAANCaqKxa3ndeH2DrvgCV7qp558-UKgAAiwmAALgXAABUcrRaF_wJhV1PQQ,45.12
level_4,student_book_audio,American-English-File-Book4-SB.zip,BQACAgQAAxkBAANDaqKxa4yZJbe4HzzTpBIVuQ0kiX0AAi8mAALgXAABUQyEuAeUgT_IPQQ,213.49
level_4,workbook_audio,American-English-File-Book4-WB.zip,BQACAgQAAxkBAANFaqKxaw9yGx2J8HPeav2aYo02dbUAAjEmAALgXAABUfXW4E9EGaKZPQQ,19.74
level_4,workbook_pdf,American-English-File-Book4-WB.pdf,BQACAgQAAxkBAANEaqKxa-ila82rGgxGnU1xeJe_bjAAAjAmAALgXAABUU6ZR9suvrWSPQQ,21.09
level_4,teacher_pdf,American-English-File-Book4-TG.pdf,BQACAgQAAxkBAANGaqKxawtMd_23bZSW4WVN1m6cO_0AAjImAALgXAABUQtrETKGwxeHPQQ,7.87
level_4,practical_video,AEF4-3e-Practical-English-Videos.zip,BQACAgQAAxkBAANHaqKxa4H_qg6la-bBOXIFZBPWxo8AAjMmAALgXAABUZCc929JiuYxPQQ,465.82
level_4,review_video,AEF4-3e-Review-and-Check-Videos.zip,BQACAgQAAxkBAANIaqKxa4caWlXCO-upplmF3JWMgX0AAjQmAALgXAABUWdMz0Puwac3PQQ,106.36
level_4,listening_video,AEF4-3e-Video-Listening-All-Video.zip,BQACAgQAAxkBAANJaqKxa4cyEt5aVDqB6ah9jQAB9R0JAAI1JgAC4FwAAVEmLgxJRM9ixz0E,210.75
level_4,script_zip,AEF3e_Level_4_Audio_script.zip,BQACAgQAAxkBAANKaqKxa7gAAXcZ-VXpwYYJ_oTlENNAAAI2JgAC4FwAAVHRh78DWNgDcj0E,0.87
level_5,student_book_pdf,American-English-File-Book5-SB.pdf,BQACAgQAAxkBAANOaqKxhk8cklY7hLcohvdkk5BrxhUAAjcmAALgXAABUe5T6u5Rzoh7PQQ,261.02
level_5,student_book_audio,American-English-File-Book5-SB.zip,BQACAgQAAxkBAANPaqKxhmSLTeK3GH6PIWacx40QdJoAAjkmAALgXAABUeQ6tqfVEXQ3PQQ,297.51
level_5,workbook_pdf,American-English-File-Book5-WB.pdf,BQACAgQAAxkBAANQaqKxhvgcWk46UkmLGs8ZyiueUmAAAjsmAALgXAABUc67EPboCc_yPQQ,60.27
level_5,workbook_audio,American-English-File-Book5-WB.zip,BQACAgQAAxkBAANRaqKxhi9nlhPjhQeLp6eZcIAK6qYAAjwmAALgXAABUXo6lV9D9J-OPQQ,72.08
level_5,teacher_pdf,American-English-File-Book5-TG.pdf,BQACAgQAAxkBAANSaqKxhj9HiHvsvtRCnIyrJ4f_f8QAAj0mAALgXAABURgoyoLr2fs0PQQ,11.03
level_5,interview_video,AEF5-3e-Interview-Videos.zip,BQACAgQAAxkBAANTaqKxhtgdthFLLxskgUgbHek09MIAAlUfAAIiAxFRaqAfAyDMPKI9BA,427.58
level_5,review_video,AEF5-3e-Review-and-Check-Videos.zip,BQACAgQAAxkBAANUaqKxhqQENoDCbrR15-FZUY5nEK0AAlYfAAIiAxFRLCLTIAVIMQc9BA,130.35
level_5,street_video,AEF5-3e-On-the-Street-Videos.zip,BQACAgQAAxkBAANVaqKxhow_D-RlDrxZWMRx5bweF64AAmkfAAIiAxFRbs6NfDAXZH89BA,154.17
