book_type,level,unit,track_number,title,page_reference,type,video_file_id,duration,category
student_book,starter,1,1.1,American English File 3e_1,,video,BQACAgQAAxkBAANqaqKxv3CaxZmepysqEUkOHcoxI8wAAoofAAIiAxFRNdaO4tTs-609BA,0,practical
student_book,starter,1,1.2,American English File 3e_2,,video,BQACAgQAAxkBAANpaqKxv269UpY_bdTpdlwcT_iTp2cAAogfAAIiAxFRNbe9GQvT7rw9BA,0,practical
student_book,starter,1,1.3,American English File 3e_3,,video,BQACAgQAAxkBAANnaqKxv1p5Yp6_53YnYkfrVnRvlzQAAoQfAAIiAxFRo2OwMfm7Ths9BA,0,practical
student_book,starter,1,1.4,American English File 3e_4,,video,BQACAgQAAxkBAANlaqKxv5uULsYRUASjrXsGxj5fsCMAAoEfAAIiAxFRJENwThgegvw9BA,0,practical
student_book,starter,1,1.5,American English File 3e_5,,video,BQACAgQAAxkBAANjaqKxv94nwdpdQXea8eq4lEoXoC8AAn4fAAIiAxFR_rPdLsCfN5k9BA,0,practical
student_book,starter,1,1.6,American English File 3e_6,,video,BQACAgQAAxkBAANiaqKxv734OFve8mKeu21rL4gulj0AAn0fAAIiAxFRhoySpnRukSc9BA,0,practical
student_book,starter,1,1.7,American English File 3e_7,,video,BQACAgQAAxkBAANhaqKxv9TPv6G6SoKy5exW1RcAAexvAAJ8HwACIgMRUTiwg8focsKwPQQ,0,practical
student_book,starter,1,1.8,American English File 3e_8,,video,BQACAgQAAxkBAANgaqKxvyoQGRZ4NV7L1kZQeD8wF9gAAnsfAAIiAxFR_2cjcjGnO4Y9BA,0,practical
student_book,starter,1,1.9,American English File 3e_9,,video,BQACAgQAAxkBAANfaqKxv4Zqad7iglguu6S-o5aDlcEAAnofAAIiAxFROba4aT-Ot7E9BA,0,practical
student_book,starter,1,1.10,American English File 3e_10,,video,BQACAgQAAxkBAANeaqKxv56zBXDoKnjXX_D940QAAV_cAAJ5HwACIgMRUZV377C0-BmIPQQ,0,practical
student_book,starter,1,1.11,American English File 3e_11,,video,BQACAgQAAxkBAANdaqKxv8Ea8Hd0K3XynNB2jmQNCLkAAngfAAIiAxFRWgI80PylhGg9BA,0,practical
student_book,starter,1,1.12,American English File 3e_12,,video,BQACAgQAAxkBAANcaqKxv1aiSaIseYSk9hXq6bexej4AAncfAAIiAxFRICQYjUyhztU9BA,0,practical
student_book,starter,1,1.13,American English File 3e_13,,video,BQACAgQAAxkBAANbaqKxv79wZ7qeBZjy4axz1bVm30oAAnYfAAIiAxFRGmGIjNs06n09BA,0,practical
student_book,starter,1,1.14,American English File 3e_14,,video,BQACAgQAAxkBAANaaqKxv3CEriUj7aUQhzdD-In_0o8AAnUfAAIiAxFR0-Mn7jfPXNY9BA,0,practical
student_book,starter,1,1.15,American English File 3e_15,,video,BQACAgQAAxkBAANoaqKxv5WenKlFlieC3feVU7XMQCcAAoUfAAIiAxFRtH-IjpxdwS89BA,0,practical
student_book,starter,1,1.16,American English File 3e_16,,video,BQACAgQAAxkBAANZaqKxv5RtWdjtXWEBpTtfZzN-s8AAAnAfAAIiAxFRxwkrSkFV28s9BA,0,practical
student_book,starter,1,1.17,American English File 3e_17,,video,BQACAgQAAxkBAANxaqKxv20DjLmnSdIVhQdDU9Fp_yUAApIfAAIiAxFRKMlFmiQhab89BA,0,practical
student_book,starter,1,1.18,American English File 3e_18,,video,BQACAgQAAxkBAANwaqKxv4JmSuyLTa8cY58ko9wWf8oAApEfAAIiAxFR8GSBhyUzbgY9BA,0,practical
student_book,starter,1,1.19,American English File 3e_19,,video,BQACAgQAAxkBAANvaqKxvzK0o_0j38D-EK6BsMDMb8oAApAfAAIiAxFRS3ylVEsAAQEZPQQ,0,practical
student_book,starter,1,1.20,American English File 3e_20,,video,BQACAgQAAxkBAANuaqKxv7o7qrfTPl5KTNOwPTRTnWQAAo8fAAIiAxFRiOdiexPaTnc9BA,0,practical
student_book,starter,1,1.21,American English File 3e_21,,video,BQACAgQAAxkBAANraqKxvxiReqtt73c-G-ZJz6QcIZcAAosfAAIiAxFREFtvn6Lgllo9BA,0,practical
student_book,starter,1,1.22,American English File 3e_22,,video,BQACAgQAAxkBAANmaqKxv8NWvf0NYO41zivUh8yzyi0AAoIfAAIiAxFRUsajnrX4lww9BA,0,practical
student_book,starter,1,1.23,American English File 3e_23,,video,BQACAgQAAxkBAANkaqKxv2wPBowop_C_hf1SDKWE3CwAAn8fAAIiAxFRrKlOCa6AHXc9BA,0,practical
student_book,starter,1,1.24,American English File 3e_24,,video,BQACAgQAAxkBAANtaqKxv7M4yCQU-kGltNxR7PiKa10AAo4fAAIiAxFRaRlhx-KtZ2Y9BA,0,practical
student_book,starter,1,1.25,American English File 3e_25,,video,BQACAgQAAxkBAANsaqKxv3oqenWe1t7Eid6A6ve4TDwAAo0fAAIiAxFRQhWSuOChEIM9BA,0,practical
student_book,starter,1,1.2,AEF3e_SB0_Review_and_Check_1&2,,video,BQACAgQAAxkBAAN6aqKx0WUqQiSuRkEFUUiTaGOT7TYAApofAAIiAxFRXS8QfCyQ6Zo9BA,0,review
student_book,starter,3,3.4,AEF3e_SB0_Review_and_Check_3&4,,video,BQACAgQAAxkBAAN5aqKx0WAS0c2STPR4nr9icYI-OlsAApkfAAIiAxFR7AtthrCx3WQ9BA,0,review
student_book,starter,5,5.6,AEF3e_SB0_Review_and_Check_5&6,,video,BQACAgQAAxkBAAN4aqKx0Ta_X9VxWoRMSm5LUlK93DIAApgfAAIiAxFRslt6hrvWJa49BA,0,review
student_book,starter,7,7.8,AEF3e_SB0_Review_and_Check_7&8,,video,BQACAgQAAxkBAAN3aqKx0bO84BN09iEUuEII0zwwrGAAApcfAAIiAxFRhrfDPERHLzI9BA,0,review
student_book,starter,9,9.10,AEF3e_SB0_Review_and_Check_9&10,,video,BQACAgQAAxkBAAN2aqKx0ZxfBvdGPnHd2ifA978KuecAApYfAAIiAxFRu5yTbP1bHtQ9BA,0,review
student_book,starter,11,11.12,AEF3e_SB0_Review_and_Check_11&12,,video,BQACAgQAAxkBAAN1aqKx0c7dV-vKGWHds45faAAB98RPAAKUHwACIgMRUeGAh2vNZh0nPQQ,0,review
student_book,starter,1,1,AEF3e_SB0_A_building_with_a_past,,video,BQACAgQAAxkBAAOAaqKx3SbyFCAUvdvBzahz43WwI6oAAt4fAAIiAxFRYowYO2fzVvQ9BA,0,listening
student_book,starter,1,1,AEF3e_SB0_Beaulieu_Motor_Museum,,video,BQACAgQAAxkBAAOGaqKx3aAx-gx9_pMY4ZGyywsPXPEAAuUfAAIiAxFRfPyIcn6XRV49BA,0,listening
student_book,starter,1,1,AEF3e_SB0_Meet_the_students,,video,BQACAgQAAxkBAAN-aqKx3epdIvm4zF7cajwtXPg75ywAAtwfAAIiAxFRhqxwEVlB_xI9BA,0,listening
student_book,starter,1,1,AEF3e_SB0_Meet_the_students_extracts,,video,BQACAgQAAxkBAAOCaqKx3eLXm_G5Z1oQRcogWjjrTqUAAuAfAAIiAxFRI4-CGI77lsA9BA,0,listening
student_book,starter,1,1,AEF3e_SB0_NY_tour_guide,,video,BQACAgQAAxkBAAOBaqKx3T9bL6V-22xTJTOrEHk6kosAAt8fAAIiAxFR_a8C1Zwetuc9BA,0,listening
student_book,starter,1,1,AEF3e_SB0_NY_tour_guide_extracts,,video,BQACAgQAAxkBAAOEaqKx3Zii9wABhdk8v-hkw8OsUi6PAALjHwACIgMRUSn85-ByqBsFPQQ,0,listening
student_book,starter,1,1,AEF3e_SB0_Singing_in_a_choir,,video,BQACAgQAAxkBAAOHaqKx3VuKxSl0QFSbuH_INy3QiVIAAuYfAAIiAxFR5KDYgetYHyM9BA,0,listening
student_book,starter,1,1.3,AEF3e_SB0_Strangers_on_a_train_3,,video,BQACAgQAAxkBAAODaqKx3SHxxXgnJm0Nnn9oCAnB3EQAAuEfAAIiAxFR3XyrnOyR--M9BA,0,listening
student_book,starter,1,1.4,AEF3e_SB0_Strangers_on_a_train_4,,video,BQACAgQAAxkBAAN_aqKx3a_whcfdU_WYMk8KU80nvi0AAt0fAAIiAxFRXX5Xn5j08H89BA,0,listening
student_book,starter,1,1.5,AEF3e_SB0_Strangers_on_a_train_5,,video,BQACAgQAAxkBAAOFaqKx3Vy1O-FlaN6GzKUBdlqhhfYAAuQfAAIiAxFRmfGDBglflTw9BA,0,listening
student_book,level_1,1,1,AEF3e_SB1_PE_Ep1_Checking_in,,video,BQACAgQAAxkBAAOcaqKx7E65fps-1Z-UzICigVtJaWYAAvwfAAIiAxFRc2TEfCAl73Y9BA,0,practical
student_book,level_1,1,1,AEF3e_SB1_PE_Ep1_Checking_in_listen_and_repeat,,video,BQACAgQAAxkBAAOeaqKx7Gap85iPmnR3PM_z4_9JZ9AAAgEgAAIiAxFRk3ctx3LFN-E9BA,0,practical
student_book,level_1,1,1,AEF3e_SB1_PE_Ep1_Introduction,,video,BQACAgQAAxkBAAOaaqKx7P91VYwz4uu7OPx0_7fyyaUAAvofAAIiAxFRF-kdYj0ua3Q9BA,0,practical
student_book,level_1,1,1,AEF3e_SB1_PE_Ep1_Jenny_talks_to_Rob,,video,BQACAgQAAxkBAAOYaqKx7G7xmBSWav9jwDaeVq0adtwAAvcfAAIiAxFRSr9iznC5fFI9BA,0,practical
student_book,level_1,1,1,AEF3e_SB1_PE_Ep1_Social_English_phrases,,video,BQACAgQAAxkBAAOWaqKx7FTOsl-iu9PdBnnOYHcf1lgAAvUfAAIiAxFRO45gRuKGV549BA,0,practical
student_book,level_1,1,1,AEF3e_SB1_PE_Ep2_Buying_a_coffee,,video,BQACAgQAAxkBAAOmaqKx7BMx9mjzarcS_BS7U1IwH6QAAh4gAAIiAxFRbznTtQUDUDQ9BA,0,practical
student_book,level_1,1,1,AEF3e_SB1_PE_Ep2_Buying_a_coffee_listen_and_repeat,,video,BQACAgQAAxkBAAOoaqKx7FO4fxp3DeBis2hto3GNrXYAAiAgAAIiAxFRorSjBNctpAQ9BA,0,practical
student_book,level_1,1,1,AEF3e_SB1_PE_Ep2_First_day_in_the_office,,video,BQACAgQAAxkBAAOkaqKx7P6yLRG_RT9ckuHJOa-S-uAAAhsgAAIiAxFRsseeA5Y4FgY9BA,0,practical
student_book,level_1,1,1,AEF3e_SB1_PE_Ep2_Rob_and_Jenny_Meet,,video,BQACAgQAAxkBAAOiaqKx7D8jEGbA-HKoD6Nm-mib8kUAAhkgAAIiAxFRtR_k_4Md-vU9BA,0,practical
student_book,level_1,1,1,AEF3e_SB1_PE_Ep2_Social_English_phrases,,video,BQACAgQAAxkBAAOgaqKx7FGMtTw7pcQdGMYH05j2AAFyAAIVIAACIgMRUaVHO3YT_NO6PQQ,0,practical
student_book,level_1,1,1,AEF3e_SB1_PE_Ep3_Buying_clothes,,video,BQACAgQAAxkBAAOVaqKx7C_JTcmAjD-pV9rIxQ9kLl8AAvMfAAIiAxFRZxBu705Rt609BA,0,practical
student_book,level_1,1,1,AEF3e_SB1_PE_Ep3_Buying_clothes_listen_and_repeat,,video,BQACAgQAAxkBAAOXaqKx7ElKHj4mLM-k5nKtdFYm0CoAAvYfAAIiAxFRJJqeDRYbTN09BA,0,practical
student_book,level_1,1,1,AEF3e_SB1_PE_Ep3_Jenny's_on_the_phone,,video,BQACAgQAAxkBAAOUaqKx7ITCfJTA_Nd_jxJKoC5CibAAAvEfAAIiAxFRZRajNYE-LPg9BA,0,practical
student_book,level_1,1,1,AEF3e_SB1_PE_Ep3_Meeting_on_the_street,,video,BQACAgQAAxkBAAOTaqKx7IpXZ2l-USFOcFjPPv7mPT4AAvAfAAIiAxFR9gZvKm57Rdo9BA,0,practical
student_book,level_1,1,1,AEF3e_SB1_PE_Ep3_Social_English_phrases,,video,BQACAgQAAxkBAAOSaqKx7Mzdm2weh6NKzVPl_TZFRwgAAu8fAAIiAxFRlw3kNLedNV09BA,0,practical
student_book,level_1,1,1,AEF3e_SB1_PE_Ep4_A_free_morning,,video,BQACAgQAAxkBAAORaqKx7B_UAzad13Q5ReJ0v7Do0UwAAu4fAAIiAxFRW7XLuZXYoas9BA,0,practical
student_book,level_1,1,1,AEF3e_SB1_PE_Ep4_Asking_for_directions,,video,BQACAgQAAxkBAAOPaqKx7C1ScVC7siTZlqeABvCoYmoAAusfAAIiAxFRBc6kuqdBr9Y9BA,0,practical
student_book,level_1,1,1,AEF3e_SB1_PE_Ep4_Asking_for_directions_listen_and_repeat,,video,BQACAgQAAxkBAAOQaqKx7GM9bmP0NpsvvCTlzr0g7mcAAuwfAAIiAxFRQKJ8uCrDjpY9BA,0,practical
student_book,level_1,1,1,AEF3e_SB1_PE_Ep4_Jenny_and_Rob_go_sightseeing,,video,BQACAgQAAxkBAAOOaqKx7IFWS-8_j4zv3H6NFh0jD6AAAuofAAIiAxFR42KHuIBSLMo9BA,0,practical
student_book,level_1,1,1,AEF3e_SB1_PE_Ep4_Social_English_phrases,,video,BQACAgQAAxkBAAONaqKx7GDoueMKg4V2shBkhuZBK7MAAukfAAIiAxFRwB-ZaPhkjR09BA,0,practical
student_book,level_1,1,1,AEF3e_SB1_PE_Ep5_An_invitation_to_dinner,,video,BQACAgQAAxkBAAOMaqKx7DpnyNlcVxD5UxP9756uunIAAugfAAIiAxFRes8z-CkgoV49BA,0,practical
student_book,level_1,1,1,AEF3e_SB1_PE_Ep5_Ordering_a_meal,,video,BQACAgQAAxkBAAOLaqKx7F3iPVNj8GtijJ5SQ9olbXoAAucfAAIiAxFRhj9E5p7SlhU9BA,0,practical
student_book,level_1,1,1,AEF3e_SB1_PE_Ep5_Ordering_a_meal_listen_and_repeat,,video,BQACAgQAAxkBAAOhaqKx7C1Mr886LnYmR671aG0lgAgAAhggAAIiAxFRxm2lh82qbuk9BA,0,practical
student_book,level_1,1,1,AEF3e_SB1_PE_Ep5_Social_English_phrases,,video,BQACAgQAAxkBAAOfaqKx7CGR8IVhgzdj7BfPMXm4m-sAAgQgAAIiAxFR8r0JkGIB38M9BA,0,practical
student_book,level_1,1,1,AEF3e_SB1_PE_Ep5_The_end_of_the_meal,,video,BQACAgQAAxkBAAOdaqKx7NGspSdu7c46b_14SV4kNPsAAv4fAAIiAxFRLtX_g2RZhxA9BA,0,practical
student_book,level_1,1,1,AEF3e_SB1_PE_Ep6_Getting_to_the_airport,,video,BQACAgQAAxkBAAOZaqKx7O-r1dj39j-40eTFq723X5wAAvgfAAIiAxFRp0_Sl5hLbg09BA,0,practical
student_book,level_1,1,1,AEF3e_SB1_PE_Ep6_Getting_to_the_airport_listen_and_repeat,,video,BQACAgQAAxkBAAObaqKx7LsCbHchQMbS3n8i4xCm2xEAAvsfAAIiAxFR2hTJVLNoCGs9BA,0,practical
student_book,level_1,1,1,AEF3e_SB1_PE_Ep6_Jenny's_last_morning,,video,BQACAgQAAxkBAAOnaqKx7DT6bLaVUFekZ2Ov3ht7AAG6AAIfIAACIgMRUThjEicjGBAkPQQ,0,practical
student_book,level_1,1,1,AEF3e_SB1_PE_Ep6_Saying_goodbye,,video,BQACAgQAAxkBAAOlaqKx7FbtOw1dvNytikTPfacGvfYAAhwgAAIiAxFRb_UKC8JomcE9BA,0,practical
student_book,level_1,1,1,AEF3e_SB1_PE_Ep6_Social_English_phrases,,video,BQACAgQAAxkBAAOjaqKx7L8jtMg4MNInTWW6c58OnTMAAhogAAIiAxFRMjN9BxlBnoY9BA,0,practical
student_book,level_1,1,1.2,AEF3e_SB1_Review_and_Check_1&2,,video,BQACAgQAAxkBAAOtaqKx-zsi_kkG_iEQ4W0klqp5aREAAjAgAAIiAxFRa14lZ8N44N09BA,0,review
student_book,level_1,3,3.4,AEF3e_SB1_Review_and_Check_3&4,,video,BQACAgQAAxkBAAOsaqKx-9atDDpeBF4eVW3ROgRsojAAAi8gAAIiAxFR2hGZ6esxh_k9BA,0,review
student_book,level_1,5,5.6,AEF3e_SB1_Review_and_Check_5&6,,video,BQACAgQAAxkBAAOxaqKx-zuAAAG3OHgGaJU8zgYx76SQAAI6IAACIgMRUdt2MM_YPyJzPQQ,0,review
student_book,level_1,7,7.8,AEF3e_SB1_Review_and_Check_7&8,,video,BQACAgQAAxkBAAOwaqKx-9DHhj7q2IIj5AXVqJDlMHcAAjkgAAIiAxFRUjLhDsQ4L2Y9BA,0,review
student_book,level_1,9,9.10,AEF3e_SB1_Review_and_Check_9&10,,video,BQACAgQAAxkBAAOvaqKx-3bq72Rr1syJujYtAT9rIjAAAjggAAIiAxFRp1e5LxmWtGo9BA,0,review
student_book,level_1,11,11.12,AEF3e_SB1_Review_and_Check_11&12,,video,BQACAgQAAxkBAAOuaqKx-5aDDKNQ-nmmuQjPeRLZSr8AAjEgAAIiAxFR1exWZ9GzRaA9BA,0,review
student_book,level_1,1,1,AEF3e_SB1_A_haunted_castle,,video,BQACAgQAAxkBAAO4aqKyBrQ0W6G6QyxwuevjAsHe3WIAAk4gAAIiAxFRguhQ7mwPQZQ9BA,0,listening
student_book,level_1,1,1,AEF3e_SB1_A_street_performer,,video,BQACAgQAAxkBAAO3aqKyBrpXIHNoBzY9gBBP7UMizSQAAkwgAAIiAxFRonAHUSaoZYw9BA,0,listening
student_book,level_1,1,1,AEF3e_SB1_Have_a_safe_trip,,video,BQACAgQAAxkBAAO2aqKyBiaT9fWsiM9Z0lYS55pHNg0AAkogAAIiAxFRZO8eLSVGjIg9BA,0,listening
student_book,level_1,1,1.4,AEF3e_SB1_It's_written_in_the_cards_1_to_4,,video,BQACAgQAAxkBAAO7aqKyBju23Mpn42LMyq3ZHYMtM6MAAlQgAAIiAxFRydvuOME85hM9BA,0,listening
student_book,level_1,1,1.5,AEF3e_SB1_It's_written_in_the_cards_5,,video,BQACAgQAAxkBAAO6aqKyBjV2QdCQyWt1etwqIITsZbkAAlIgAAIiAxFR3887m5jr8Rs9BA,0,listening
student_book,level_1,1,1,AEF3e_SB1_Judi_Dench,,video,BQACAgQAAxkBAAO5aqKyBtRKnBQfmLDytXLrqp9EBpoAAlAgAAIiAxFRERQ4GCV8ogg9BA,0,listening
student_book,level_1,1,1,AEF3e_SB1_The_island_of_Okinawa,,video,BQACAgQAAxkBAAO1aqKyBimmLS-rHEbA1wlUeCexpysAAkggAAIiAxFRV4GfiREl1jA9BA,0,listening
student_book,level_2,1,1,AEF3e_SB2_PE_Ep1_Calling _reception,,video,BQACAgQAAxkBAAPMaqKyGE0Uts_k_kLuScMK_fw3uYgAAqMgAAIiAxFR1HV2lAbeiiY9BA,0,practical
student_book,level_2,1,1,AEF3e_SB2_PE_Ep1_Calling_reception_listen_and_repeat,,video,BQACAgQAAxkBAAPKaqKyGFR78DVUAUO6Qv5DuOHia_0AAp0gAAIiAxFRUYclTIr1FtE9BA,0,practical
student_book,level_2,1,1,AEF3e_SB2_PE_Ep1_Introduction,,video,BQACAgQAAxkBAAPQaqKyGAmdWGYPtr9eJbMteoDAsVsAAqkgAAIiAxFRAAH_nvsGKnXqPQQ,0,practical
student_book,level_2,1,1,AEF3e_SB2_PE_Ep1_Jenny_and_Rob_meet_again,,video,BQACAgQAAxkBAAPOaqKyGJip2DKz4J9ROPITrYpbUrgAAqYgAAIiAxFRta72VLsTf6A9BA,0,practical
student_book,level_2,1,1,AEF3e_SB2_PE_Ep1_Social_English,,video,BQACAgQAAxkBAAPUaqKyGMyHoXkLmEqvq_yz7JamNpsAAq0gAAIiAxFRuJmVHrgR_Y89BA,0,practical
student_book,level_2,1,1,AEF3e_SB2_PE_Ep2_At_the_restaurant,,video,BQACAgQAAxkBAAPSaqKyGAAB5bWtzRtwIWHK_p797qSsAAKrIAACIgMRUQ0b8DrC-AylPQQ,0,practical
student_book,level_2,1,1,AEF3e_SB2_PE_Ep2_At_the_restaurant_listen_and_repeat,,video,BQACAgQAAxkBAAPWaqKyGCmQHw7VoM86nV-LcHhc2DcAAq8gAAIiAxFRIFR8ws7hk0E9BA,0,practical
student_book,level_2,1,1,AEF3e_SB2_PE_Ep2_Holly_and_Rob_make_friends,,video,BQACAgQAAxkBAAPaaqKyGK63ELiH1j8bqbIMaHmXMEQAArMgAAIiAxFRQUc4E4fqQ_E9BA,0,practical
student_book,level_2,1,1,AEF3e_SB2_PE_Ep2_In_the_New_York_office,,video,BQACAgQAAxkBAAPYaqKyGN5UoGcJ6X57Sg34N-utJw4AArEgAAIiAxFR7aEI5YmTu1A9BA,0,practical
student_book,level_2,1,1,AEF3e_SB2_PE_Ep2_Social_English,,video,BQACAgQAAxkBAAO_aqKyGPANnCbu42VYVVylP4i0ulgAAm8gAAIiAxFReFX8hK7NZec9BA,0,practical
student_book,level_2,1,1,AEF3e_SB2_PE_Ep3_Rob_decides_to_exercise,,video,BQACAgQAAxkBAAPcaqKyGKsP50fGG35UofdeJUzIF_wAArUgAAIiAxFRtg2aAweY4As9BA,0,practical
student_book,level_2,1,1,AEF3e_SB2_PE_Ep3_Rob_has_a_problem,,video,BQACAgQAAxkBAAPBaqKyGA_w9my-H__HViYneNz9lpYAAocgAAIiAxFRJLFVeYRfogo9BA,0,practical
student_book,level_2,1,1,AEF3e_SB2_PE_Ep3_Social_English,,video,BQACAgQAAxkBAAPAaqKyGJNKgP3KOrH553MM8FuKougAAn8gAAIiAxFRjMoPORBhv9M9BA,0,practical
student_book,level_2,1,1,AEF3e_SB2_PE_Ep3_Taking_something_back_to_a_store,,video,BQACAgQAAxkBAAPCaqKyGFj59SyKa2LDKuSkWsotUnAAAoggAAIiAxFRrENSBNtUZAI9BA,0,practical
student_book,level_2,1,1,AEF3e_SB2_PE_Ep3_Taking_something_back_to_a_store_listen_and_repeat,,video,BQACAgQAAxkBAAPDaqKyGECf6iar8EZoIb8I3cI0ZcYAAoogAAIiAxFRd8qLH3eSKzE9BA,0,practical
student_book,level_2,1,1,AEF3e_SB2_PE_Ep4_Dinner_at_Jenny's_apartment,,video,BQACAgQAAxkBAAPFaqKyGCbuiRww5nWdCqJCLhNGMS8AApAgAAIiAxFR_S3sSFwzCro9BA,0,practical
student_book,level_2,1,1,AEF3e_SB2_PE_Ep4_Going_to_a_pharmacy,,video,BQACAgQAAxkBAAPEaqKyGNO4EQwRBEW64-OY--pDzK4AAosgAAIiAxFR0BQyGhXq4XY9BA,0,practical
student_book,level_2,1,1,AEF3e_SB2_PE_Ep4_Going_to_a_pharmacy_listen_and_repeat,,video,BQACAgQAAxkBAAPHaqKyGFu8YhrRrOBuJ1WPJZzRRVYAApQgAAIiAxFRvE6W4cPo9ck9BA,0,practical
student_book,level_2,1,1,AEF3e_SB2_PE_Ep4_Running_in_Central_Park,,video,BQACAgQAAxkBAAPGaqKyGO4HtUDOzq5Dw-NV0lbM--cAApIgAAIiAxFRfdAOZynHkRU9BA,0,practical
student_book,level_2,1,1,AEF3e_SB2_PE_Ep4_Social_English,,video,BQACAgQAAxkBAAPJaqKyGEuG5knTZYJOSgQAAVF4HEUvAAKbIAACIgMRUUruiK81xBmGPQQ,0,practical
student_book,level_2,1,1,AEF3e_SB2_PE_Ep5_Asking_how_to_get_there,,video,BQACAgQAAxkBAAPIaqKyGIoQ_7mqAALBVETCDpKLwZcAApYgAAIiAxFRrTp8E-AqJfs9BA,0,practical
student_book,level_2,1,1,AEF3e_SB2_PE_Ep5_Asking_how_to_get_there_listen_and_repeat,,video,BQACAgQAAxkBAAPNaqKyGPm6wRlDo-IZliLrQfVUD_kAAqUgAAIiAxFROPGOzKnZtQABPQQ,0,practical
student_book,level_2,1,1,AEF3e_SB2_PE_Ep5_Holly_and_Rob_in_Brooklyn,,video,BQACAgQAAxkBAAPLaqKyGGpSN1ZeFEHJTqivJk1_iuwAAqIgAAIiAxFREKT2s6TrE-09BA,0,practical
student_book,level_2,1,1,AEF3e_SB2_PE_Ep5_Rob_is_late_again,,video,BQACAgQAAxkBAAPRaqKyGNcehOEd32cy8CZ7P-dfQKIAAqogAAIiAxFRtC5WQ-Q-C089BA,0,practical
student_book,level_2,1,1,AEF3e_SB2_PE_Ep5_Social_English,,video,BQACAgQAAxkBAAPPaqKyGI4qn8g5NApa4OSVvd-pGPkAAqggAAIiAxFRZhi90PqQzgw9BA,0,practical
student_book,level_2,1,1,AEF3e_SB2_PE_Ep6_In_Central_Park_again,,video,BQACAgQAAxkBAAPTaqKyGIXxbmdlkCLB3-K0PwUV1BQAAqwgAAIiAxFRXJDdaZ2DlIw9BA,0,practical
student_book,level_2,1,1,AEF3e_SB2_PE_Ep6_On_the_phone,,video,BQACAgQAAxkBAAPVaqKyGNzUMe5EZlnO33riiuiF-B4AAq4gAAIiAxFRvliH7Wrcqfs9BA,0,practical
student_book,level_2,1,1,AEF3e_SB2_PE_Ep6_On_the_phone_listen_and_repeat,,video,BQACAgQAAxkBAAPZaqKyGCjsei3SbLsqsQ8SyRJJ2hkAArIgAAIiAxFRGW5Jw9qKbdw9BA,0,practical
student_book,level_2,1,1,AEF3e_SB2_PE_Ep6_Rob_and_Jenny_talk_about_the_future,,video,BQACAgQAAxkBAAPXaqKyGNZBPQhRD4aA-385h9dzQnsAArAgAAIiAxFR1b_Jse-1A-U9BA,0,practical
student_book,level_2,1,1,AEF3e_SB2_PE_Ep6_Social_English,,video,BQACAgQAAxkBAAPbaqKyGJAgjKEBSEhTZCZWii0Bwt0AArQgAAIiAxFRGvOVCA7HNtE9BA,0,practical
student_book,level_2,1,1.2,AEF3e_SB2_Review_and_Check_1&2,,video,BQACAgQAAxkBAAPgaqKyJLks9uWwZmI1flNTU4kT6gYAAskgAAIiAxFRbmwQFPsVmto9BA,0,review
student_book,level_2,3,3.4,AEF3e_SB2_Review_and_Check_3&4,,video,BQACAgQAAxkBAAPjaqKyJC3VgaQVjiXB0r6a8sZx0LcAAswgAAIiAxFR5FlwTgM0TG49BA,0,review
student_book,level_2,5,5.6,AEF3e_SB2_Review_and_Check_5&6,,video,BQACAgQAAxkBAAPiaqKyJIxhvVvEhTtIb30CRgv3wFEAAssgAAIiAxFRO38KwnKLD-c9BA,0,review
student_book,level_2,7,7.8,AEF3e_SB2_Review_and_Check_7&8,,video,BQACAgQAAxkBAAPhaqKyJGcK64VHjExmY5k4obujeegAAsogAAIiAxFRQAM9QCfB3Ac9BA,0,review
student_book,level_2,9,9.10,AEF3e_SB2_Review_and_Check_9&10,,video,BQACAgQAAxkBAAPlaqKyJLf-8mCnUcZKD8cs0llrnD8AAs4gAAIiAxFR975GMEScUyw9BA,0,review
student_book,level_2,11,11.12,AEF3e_SB2_Review_and_Check_11&12,,video,BQACAgQAAxkBAAPkaqKyJO1Z37jG-zJixFHiVxqQ-MUAAs0gAAIiAxFRvG7AQRBcSyU9BA,0,review
student_book,level_2,2,2.2,AEF3e_SB2_2C_Happy_ending,,video,BQACAgQAAxkBAAPqaqKyMbn1JCVnnaI_2MWcxw8s8VUAAtAgAAIiAxFROtt6DRxNqq89BA,0,listening
student_book,level_2,2,2.2,AEF3e_SB2_2C_Sad_ending,,video,BQACAgQAAxkBAAPvaqKyMZ2A1GXaedABASeQBVOlwewAAtUgAAIiAxFRi0sY6KsSCWk9BA,0,listening
student_book,level_2,2,2.4,AEF3e_SB2_4C_The_American_weekend,,video,BQACAgQAAxkBAAPtaqKyMaKr5bUn97pagX1D43ZESl8AAtMgAAIiAxFR2x6b7_CpfvE9BA,0,listening
student_book,level_2,2,2.6,AEF3e_SB2_6C_Dreams,,video,BQACAgQAAxkBAAPuaqKyMUFys8MDJf_o21dPIGVzCbAAAtQgAAIiAxFR9HaZn469_0Q9BA,0,listening
student_book,level_2,2,2.8,AEF3e_SB2_8C_Girl_Part_3,,video,BQACAgQAAxkBAAPraqKyMakvpWADZqH2XI-8F4g3wAgAAtEgAAIiAxFR-BDiegjZ4Ho9BA,0,listening
student_book,level_2,2,2.8,AEF3e_SB2_8C_Girl_Part_4,,video,BQACAgQAAxkBAAPxaqKyMR2wd6gRI72DWJtEE_AQYAUAAtcgAAIiAxFRRS_H2qIZAqA9BA,0,listening
student_book,level_2,2,2.8,AEF3e_SB2_8C_Girl_Parts_1_&_2,,video,BQACAgQAAxkBAAPpaqKyMa-3I_VplyTzAcPVQNJw26sAAs8gAAIiAxFR-SoP6WPPuIc9BA,0,listening
student_book,level_2,2,2.10,AEF3e_SB2_10C_Invented_by_women,,video,BQACAgQAAxkBAAPsaqKyMXsnd_ai1Gaf73Sg1dAOstEAAtIgAAIiAxFRdeXzGP-ZLl09BA,0,listening
student_book,level_2,2,2.12,AEF3e_SB2_12C_Trivia_night,,video,BQACAgQAAxkBAAPwaqKyMWYULdBt6XPD2qLHslMasRQAAtYgAAIiAxFRodBDNPyGusQ9BA,0,listening
student_book,level_3,1,1,AEF3e_Level_3_PE_Ep1_Harry_finds_out_more_about_Rob,,video,BQACAgQAAxkBAAIBCWqisj8M47l7xI91YGXk5gzR5TQPAALsIAACIgMRUaSB9PMsa4R2PQQ,0,practical
student_book,level_3,1,1,AEF3e_Level_3_PE_Ep1_Introduction,,video,BQACAgQAAxkBAAIBB2qisj9lknz-1G8TE2gvupGWSDQZAALqIAACIgMRUTkS6LUQPiO7PQQ,0,practical
student_book,level_3,1,1,AEF3e_Level_3_PE_Ep1_Reacting_to_what_people_say,,video,BQACAgQAAxkBAAIBAWqisj8QAmb1gUUbM5jArAAB1ILTkAAC5CAAAiIDEVHUg1uKqddRsT0E,0,practical
student_book,level_3,1,1,AEF3e_Level_3_PE_Ep1_Reacting_to_what_people_say_listen_and_check,,video,BQACAgQAAxkBAAIBBWqisj_RUl_PAmiBWICGb0m27XSMAALoIAACIgMRUXEpYqXRn4xlPQQ,0,practical
student_book,level_3,1,1,AEF3e_Level_3_PE_Ep1_Reacting_to_what_people_say_listen_and_repeat,,video,BQACAgQAAxkBAAIBA2qisj8cU0RsEC60v_YNIRZujJhsAALmIAACIgMRUWlNLzI1bjyoPQQ,0,practical
student_book,level_3,1,1,AEF3e_Level_3_PE_Ep1_Social_English_phrases,,video,BQACAgQAAxkBAAP_aqKyP_AnMV-YWmejR78NYZRMpIQAAuIgAAIiAxFRUaenGdL5sps9BA,0,practical
student_book,level_3,1,1,AEF3e_Level_3_PE_Ep2_A_surprise_for_Kerri,,video,BQACAgQAAxkBAAP-aqKyPx92E92WoppG8PYyTgiqubMAAuEgAAIiAxFRLH7kHWAGnOw9BA,0,practical
student_book,level_3,1,1,AEF3e_Level_3_PE_Ep2_Giving_opinions,,video,BQACAgQAAxkBAAP7aqKyP_sChaxfsMppBaJspN282qEAAt4gAAIiAxFRKAHGEjmwjU09BA,0,practical
student_book,level_3,1,1,AEF3e_Level_3_PE_Ep2_Giving_opinions_listen_and_check,,video,BQACAgQAAxkBAAP9aqKyP4GEo6cKGwX3C5vb5jFL1bgAAuAgAAIiAxFRFiiXmq9Rt8Q9BA,0,practical
student_book,level_3,1,1,AEF3e_Level_3_PE_Ep2_Giving_opinions_listen_and_repeat,,video,BQACAgQAAxkBAAP8aqKyP4HTiMqIyzw9WgOAQHLTq54AAt8gAAIiAxFRnHdPQ957cgc9BA,0,practical
student_book,level_3,1,1,AEF3e_Level_3_PE_Ep2_Rob's_interview,,video,BQACAgQAAxkBAAP6aqKyPwSgzqJGeso52T-0dA7rkl4AAt0gAAIiAxFR0kWZodQFA0c9BA,0,practical
student_book,level_3,1,1,AEF3e_Level_3_PE_Ep2_Social_English_phrases,,video,BQACAgQAAxkBAAP5aqKyPzGKbS8EKjR-u33WFme14TMAAtwgAAIiAxFRnLpJpbew2Kk9BA,0,practical
student_book,level_3,1,1,AEF3e_Level_3_PE_Ep3_Jenny_has_coffee_with_a_friend,,video,BQACAgQAAxkBAAP4aqKyPz2wqdB8s7Mm9hDHfPDvsyYAAtsgAAIiAxFR0LYLiuYvUos9BA,0,practical
student_book,level_3,1,1,AEF3e_Level_3_PE_Ep3_Paul_arrives,,video,BQACAgQAAxkBAAP3aqKyP0A2WvLCbboMZXfmxJXHxDsAAtogAAIiAxFR-fmTTGTF9Dg9BA,0,practical
student_book,level_3,1,1,AEF3e_Level_3_PE_Ep3_Permissions_and_requests,,video,BQACAgQAAxkBAAIBEmqisj89YemWVnQ8sAw4YB-yw4kaAAL1IAACIgMRURRlFV335GxZPQQ,0,practical
student_book,level_3,1,1,AEF3e_Level_3_PE_Ep3_Permissions_and_requests_listen_and_check,,video,BQACAgQAAxkBAAP2aqKyP7nr5NnnorpKYgnXVKO0FNYAAtkgAAIiAxFRSpamLyMin_k9BA,0,practical
student_book,level_3,1,1,AEF3e_Level_3_PE_Ep3_Permissions_and_requests_listen_and_repeat,,video,BQACAgQAAxkBAAP1aqKyP6h39ByrmJCzOAe1j2Wk8d8AAtggAAIiAxFRrF5b4Cxtr789BA,0,practical
student_book,level_3,1,1,AEF3e_Level_3_PE_Ep3_Social_English_phrases,,video,BQACAgQAAxkBAAIBEGqisj-w92Dh67-du-a5KDtRY0VIAALzIAACIgMRUZQYjz6z-_tMPQQ,0,practical
student_book,level_3,1,1,AEF3e_Level_3_PE_Ep4_Making_suggestions,,video,BQACAgQAAxkBAAIBCmqisj9c24At7-Zrk9KyVqb5PQvgAALtIAACIgMRUa2KtOWZW-0OPQQ,0,practical
student_book,level_3,1,1,AEF3e_Level_3_PE_Ep4_Making_suggestions_listen_and_check,,video,BQACAgQAAxkBAAIBDmqisj-BoxQIKgYNabWHS6X5Zcp_AALxIAACIgMRUfGc7Fw6vtBXPQQ,0,practical
student_book,level_3,1,1,AEF3e_Level_3_PE_Ep4_Making_suggestions_listen_and_repeat,,video,BQACAgQAAxkBAAIBDGqisj9_AaV0TTmWOuRYHRTzDbvuAALvIAACIgMRUXC4dEZKSRs6PQQ,0,practical
student_book,level_3,1,1,AEF3e_Level_3_PE_Ep4_Rob_and_Paul_catch_up,,video,BQACAgQAAxkBAAIBCGqisj_DEDsFN7Gp6r-m0-elyzq2AALrIAACIgMRUfoazHf07taCPQQ,0,practical
student_book,level_3,1,1,AEF3e_Level_3_PE_Ep4_Social_English_phrases,,video,BQACAgQAAxkBAAIBBmqisj9yUWWujqEbD3VaVvGLUvCkAALpIAACIgMRUdvbN0nPOM_2PQQ,0,practical
student_book,level_3,1,1,AEF3e_Level_3_PE_Ep4_The_morning_after_the_night_before,,video,BQACAgQAAxkBAAIBBGqisj8n05Vw_smr4-HPGqivgljMAALnIAACIgMRUSq7i4fqRElYPQQ,0,practical
student_book,level_3,1,1,AEF3e_Level_3_PE_Ep5_Indirect_questions,,video,BQACAgQAAxkBAAIBAAFqorI_n1_pvZJS7A3vtpm_hC1GEgAC4yAAAiIDEVFn_y3gl6kcsz0E,0,practical
student_book,level_3,1,1,AEF3e_Level_3_PE_Ep5_Indirect_questions_listen_and_check,,video,BQACAgQAAxkBAAIBAmqisj8EzqIjpbG4NlxBLyW6lss5AALlIAACIgMRUZ15jGIwr0XLPQQ,0,practical
student_book,level_3,1,1,AEF3e_Level_3_PE_Ep5_Indirect_questions_listen_and_repeat,,video,BQACAgQAAxkBAAIBEWqisj_eZuzdgEsEHOPLVzzChzycAAL0IAACIgMRUdx4huaBos5zPQQ,0,practical
student_book,level_3,1,1,AEF3e_Level_3_PE_Ep5_Jenny_gets_a_surprise,,video,BQACAgQAAxkBAAIBD2qisj--szD8oxJst3ZWZ0m3BMHCAALyIAACIgMRUd09YMJqe0AvPQQ,0,practical
student_book,level_3,1,1,AEF3e_Level_3_PE_Ep5_Rob_gets_serious,,video,BQACAgQAAxkBAAIBDWqisj8DhsxxVqTaetP8PxYPS21TAALwIAACIgMRUdr7s7u6yzVgPQQ,0,practical
student_book,level_3,1,1,AEF3e_Level_3_PE_Ep5_Social_English_phrases,,video,BQACAgQAAxkBAAIBC2qisj8a0OpEWLoIhzfXDEroxUL-AALuIAACIgMRUSLmzqcOJiBnPQQ,0,practical
student_book,level_3,1,1.2,AEF3e_Level_3_Review_and_Check_1&2,,video,BQACAgQAAxkBAAIBGmqisku-dh1keKKaDzavux-A4qeoAAL7IAACIgMRUXVIaFiQt06sPQQ,0,review
student_book,level_3,3,3.4,AEF3e_Level_3_Review_and_Check_3&4,,video,BQACAgQAAxkBAAIBGWqisktj_F5IaRrpk7VdrYYVL4LKAAL6IAACIgMRUaXU53waOpSOPQQ,0,review
student_book,level_3,5,5.6,AEF3e_Level_3_Review_and_Check_5&6,,video,BQACAgQAAxkBAAIBGGqisksfNNEn0RcdA3zw6HnscRA3AAL5IAACIgMRUShWWl7ATKYZPQQ,0,review
student_book,level_3,7,7.8,AEF3e_Level_3_Review_and_Check_7&8,,video,BQACAgQAAxkBAAIBF2qisku5tCIuWxu1XJmoXeJJ9AJbAAL4IAACIgMRUSGOAkCDJaWEPQQ,0,review
student_book,level_3,9,9.10,AEF3e_Level_3_Review_and_Check_9&10,,video,BQACAgQAAxkBAAIBFmqiskvVFNF2X6Zy7UQjBsA9oQJeAAL3IAACIgMRUWzSC49tVEHIPQQ,0,review
student_book,level_3,1,1,AEF3e_Alex_Rawlings_Interview_part_1_V8_V2,,video,BQACAgQAAxkBAAIBH2qismYs2GEe5MU2uEyFaXRlBls2AAL9IAACIgMRUX8iqGZhaQXKPQQ,0,listening
student_book,level_3,1,1,AEF3e_Alex_Rawlings_Interview_part_2_V8_V2,,video,BQACAgQAAxkBAAIBJGqismaeknBw6Ap1VAebUzAlGySRAAICIQACIgMRUa5XqwABiJvlkj0E,0,listening
student_book,level_3,1,1,AEF3e_Alex_Rawlings_Interview_part_3_V8_V2,,video,BQACAgQAAxkBAAIBJWqismZN-qlk1abRX97CYEZUKW3LAAIDIQACIgMRUexqAS7aMs7dPQQ,0,listening
student_book,level_3,1,1,AEF3e_Level_3_2B_The_Great_OUP_Bake_Sale,,video,BQACAgQAAxkBAAIBIWqismZaMtmTnnyY3uvO7Ta2CjDDAAL_IAACIgMRUYWSTtdCOw1kPQQ,0,listening
student_book,level_3,1,1.1,AEF3e_Level_3_6B_Personal_Stylist_Part_1,,video,BQACAgQAAxkBAAIBHmqismam6aevnRwmg1oIfqq7vBCFAAL8IAACIgMRUS1dBEwrBicgPQQ,0,listening
student_book,level_3,1,1.2,AEF3e_Level_3_6B_Personal_Stylist_Part_2,,video,BQACAgQAAxkBAAIBI2qismYhtk_fGbvj_h09lGI2EMvfAAIBIQACIgMRUfDOTQq2a_xZPQQ,0,listening
student_book,level_3,1,1.1,AEF3e_Level_3_8B_How_To_Complain_Part_1,,video,BQACAgQAAxkBAAIBIGqismbZlU1GJGCs7y2IH3J1Z6ZiAAL-IAACIgMRUcPx_bizLUP8PQQ,0,listening
student_book,level_3,1,1.2,AEF3e_Level_3_8B_How_To_Complain_Part_2,,video,BQACAgQAAxkBAAIBJmqismYX7DZIBXrV42lDdRbZVqepAAIEIQACIgMRUcUpO1mHY3QXPQQ,0,listening
student_book,level_3,1,1,AEF3e_Level_3_10B_Queens_of_Crime,,video,BQACAgQAAxkBAAIBImqismbtS1o8wW_tEMoXqk8T7jfbAAMhAAIiAxFRCXUMgCe8L3M9BA,0,listening
student_book,level_4,1,1.1,AEF3e_SB4_CE1_Interview_Part_1,,video,BQACAgQAAxkBAAIBNmqisoRaKSmAAh7GPDDs11DvTIhXAAISIQACIgMRUYUAAd6ifpn5vT0E,0,practical
student_book,level_4,1,1.2,AEF3e_SB4_CE1_Interview_Part_2,,video,BQACAgQAAxkBAAIBPGqisoTY4tSUvGfoylmdz0yQkFYdAAIYIQACIgMRUfFs9Cy6FOUqPQQ,0,practical
student_book,level_4,1,1.3,AEF3e_SB4_CE1_Interview_Part_3,,video,BQACAgQAAxkBAAIBOmqisoQ8FAqqjeDtLX1tNtg8fMh-AAIWIQACIgMRUT0yb7cxXaggPQQ,0,practical
student_book,level_4,1,1,AEF3e_SB4_CE1_Looking_at_language,,video,BQACAgQAAxkBAAIBOGqisoS2bjOtQuxPVSsCRntHMFZHAAIUIQACIgMRUR5C46iNEct1PQQ,0,practical
student_book,level_4,1,1,AEF3e_SB4_CE1_The_Conversation,,video,BQACAgQAAxkBAAIBPmqisoTVrfcJD94t_FZP2l0INkQdAAIaIQACIgMRUaii3Q4yhkEHPQQ,0,practical
student_book,level_4,1,1,AEF3e_SB4_CE1_The_Conversation_d,,video,BQACAgQAAxkBAAIBQmqisoSeG19H_MdRbxVA3cnVpIxYAAIeIQACIgMRUSG13gg2GmMFPQQ,0,practical
student_book,level_4,1,1,AEF3e_SB4_CE1_The_Conversation_e,,video,BQACAgQAAxkBAAIBQGqisoQmh-h8PkLz-aRpqr_DziD9AAIcIQACIgMRUULW8EMiSbqNPQQ,0,practical
student_book,level_4,1,1.1,AEF3e_SB4_CE2&3_Interview_Part_1,,video,BQACAgQAAxkBAAIBSGqisoRgOGUPgBC1uaHUw449EzlaAAIkIQACIgMRUfnQ9G-EGPYePQQ,0,practical
student_book,level_4,1,1.2,AEF3e_SB4_CE2&3_Interview_Part_2,,video,BQACAgQAAxkBAAIBRmqisoQEw-VRdghkJsleAUiZxz3hAAIiIQACIgMRUW1hB6u9R4bpPQQ,0,practical
student_book,level_4,1,1.3,AEF3e_SB4_CE2&3_Interview_Part_3,,video,BQACAgQAAxkBAAIBRGqisoSlGqfNGDFG15qWGqWZ_cKhAAIgIQACIgMRUcVGSF8HfwABVz0E,0,practical
student_book,level_4,1,1,AEF3e_SB4_CE2&3_Looking_at_language,,video,BQACAgQAAxkBAAIBLWqisoRAH2Pj2L_0U5uWEb8kfx8SAAIIIQACIgMRUfKIfJL4_BQrPQQ,0,practical
student_book,level_4,1,1,AEF3e_SB4_CE2&3_The_Conversation,,video,BQACAgQAAxkBAAIBK2qisoQtnxN-EzlDU3KDUB0wlMBqAAIGIQACIgMRURh2etm3DjU6PQQ,0,practical
student_book,level_4,1,1,AEF3e_SB4_CE2&3_The_Conversation_d,,video,BQACAgQAAxkBAAIBLGqisoSwaUVs0fzUxe3NSruUCFfNAAIHIQACIgMRUcSmRgmMxGApPQQ,0,practical
student_book,level_4,1,1.1,AEF3e_SB4_CE4&5_Interview_Part_1,,video,BQACAgQAAxkBAAIBL2qisoS_lSsv_JogmMYGEgthBKbiAAIKIQACIgMRUSlTeVvMt6qNPQQ,0,practical
student_book,level_4,1,1.2,AEF3e_SB4_CE4&5_Interview_Part_2,,video,BQACAgQAAxkBAAIBLmqisoQssjDCjXiQyTquuwGuVVLFAAIJIQACIgMRUYLbEroimxu8PQQ,0,practical
student_book,level_4,1,1.3,AEF3e_SB4_CE4&5_Interview_Part_3,,video,BQACAgQAAxkBAAIBMWqisoRAio2zcHw5in4XhJekygg_AAIMIQACIgMRUWELgA48iZH8PQQ,0,practical
student_book,level_4,1,1,AEF3e_SB4_CE4&5_Looking_at_language,,video,BQACAgQAAxkBAAIBMGqisoQVtgfKz0Xpd2R_z3nNiU6AAAILIQACIgMRUbg2CAm8XcFPPQQ,0,practical
student_book,level_4,1,1,AEF3e_SB4_CE4&5_The_Conversation,,video,BQACAgQAAxkBAAIBM2qisoQQYNNtqFQ_SVW_cfjyQ1WNAAIOIQACIgMRUcJMrolIDXX2PQQ,0,practical
student_book,level_4,1,1,AEF3e_SB4_CE4&5_The_Conversation_d,,video,BQACAgQAAxkBAAIBNGqisoRjYgNPewGWq4SIQ_2CC_C_AAIQIQACIgMRUS4NR_xPdRC5PQQ,0,practical
student_book,level_4,1,1.1,AEF3e_SB4_CE6&7_Interview_Part_1,,video,BQACAgQAAxkBAAIBMmqisoRpZ6l4sD-H-uKB4GNtA6yrAAINIQACIgMRUUdL6NKSgVnbPQQ,0,practical
student_book,level_4,1,1.2,AEF3e_SB4_CE6&7_Interview_Part_2,,video,BQACAgQAAxkBAAIBN2qisoS4xCqy6VXqV1kPQrPs0VeNAAITIQACIgMRUXtC1BTbcQvFPQQ,0,practical
student_book,level_4,1,1.3,AEF3e_SB4_CE6&7_Interview_Part_3,,video,BQACAgQAAxkBAAIBNWqisoQ7Ki7qqkSg9eyK02WqerMKAAIRIQACIgMRUXBJmuNVpP5NPQQ,0,practical
student_book,level_4,1,1,AEF3e_SB4_CE6&7_Looking_at_language,,video,BQACAgQAAxkBAAIBPWqisoQvqr8qAVa1GD5GUxvqlppMAAIZIQACIgMRUe73AoxpuaKYPQQ,0,practical
student_book,level_4,1,1,AEF3e_SB4_CE6&7_The_Conversation,,video,BQACAgQAAxkBAAIBOWqisoRU3OJ9av4NzMhhtGxGZmx4AAIVIQACIgMRUbZ16RDtVwy9PQQ,0,practical
student_book,level_4,1,1,AEF3e_SB4_CE6&7_The_Conversation_d,,video,BQACAgQAAxkBAAIBO2qisoRpT2NXCjC3BAe36gZYarsqAAIXIQACIgMRUeClgIn3WmzIPQQ,0,practical
student_book,level_4,1,1.1,AEF3e_SB4_CE8&9_Interview_Part_1,,video,BQACAgQAAxkBAAIBQWqisoQfsmlj5CuxtXmLKz1JKRZ7AAIdIQACIgMRUe5C_u9ifE0uPQQ,0,practical
student_book,level_4,1,1.2,AEF3e_SB4_CE8&9_Interview_Part_2,,video,BQACAgQAAxkBAAIBP2qisoR_m3e3TZjccxVRQQUJVoMqAAIbIQACIgMRUT85bagK2WL7PQQ,0,practical
student_book,level_4,1,1.3,AEF3e_SB4_CE8&9_Interview_Part_3,,video,BQACAgQAAxkBAAIBRWqisoTOBVOhnmnJfaErkIDCK9pjAAIhIQACIgMRUW4UyoGXL7tqPQQ,0,practical
student_book,level_4,1,1,AEF3e_SB4_CE8&9_Looking_at_language,,video,BQACAgQAAxkBAAIBQ2qisoQHwmhPtCP1gJep_Hz6tP3JAAIfIQACIgMRUSeh3ahFHAgSPQQ,0,practical
student_book,level_4,1,1,AEF3e_SB4_CE8&9_The_Conversation,,video,BQACAgQAAxkBAAIBR2qisoRBQ2SGFJpHox1LQYicLrW1AAIjIQACIgMRUWBi5U5-R2ssPQQ,0,practical
student_book,level_4,1,1,AEF3e_SB4_CE8&9_The_Conversation_d,,video,BQACAgQAAxkBAAIBKmqisoRxoVDXILMyomIiGKF1JOe6AAIFIQACIgMRUYL-yaVzI2kGPQQ,0,practical
student_book,level_4,1,1.2,AEF3e_SB4_Review_and_Check_1&2,,video,BQACAgQAAxkBAAIBTGqispH67aPCummUx1btE1kpXCy1AAIlIQACIgMRUZWL3jvm7-pgPQQ,0,review
student_book,level_4,3,3.4,AEF3e_SB4_Review_and_Check_3&4,,video,BQACAgQAAxkBAAIBTmqispGJhtt8jIT3s2D0zrHa1gm7AAInIQACIgMRUXCKhauI7j52PQQ,0,review
student_book,level_4,5,5.6,AEF3e_SB4_Review_and_Check_5&6,,video,BQACAgQAAxkBAAIBTWqispGl2ge3jHiUd9KzIB5ssfb4AAImIQACIgMRUee2mp79kp4iPQQ,0,review
student_book,level_4,7,7.8,AEF3e_SB4_Review_and_Check_7&8,,video,BQACAgQAAxkBAAIBUGqispGHryzd-liH3e12auOtIasvAAIpIQACIgMRUQ-D9nQnhxN3PQQ,0,review
student_book,level_4,9,9.10,AEF3e_SB4_Review_and_Check_9&10,,video,BQACAgQAAxkBAAIBT2qispHBOu3nCapKY4DtOpBfTC1OAAIoIQACIgMRUWe31f1GtKRiPQQ,0,review
student_book,level_4,1,1.3,AEF3e_SB4_Music_in_the_family_3,,video,BQACAgQAAxkBAAIBVWqisqqrH6AQ9CHY_GroswxlYJZdAAIuIQACIgMRUdP6cjL1tlplPQQ,0,listening
student_book,level_4,1,1.5,AEF3e_SB4_Powerful_speeches_5,,video,BQACAgQAAxkBAAIBVmqisqrNx4GcnwiddLnubB3NQj4LAAIvIQACIgMRUV2lU6lk8QbkPQQ,0,listening
student_book,level_4,1,1.2,AEF3e_SB4_Riding_the_waves_2,,video,BQACAgQAAxkBAAIBV2qisqp1O3yL0ivnRiTdmt1Vt8JfAAIwIQACIgMRUSV5_RTwes9gPQQ,0,listening
student_book,level_4,1,1.1,AEF3e_SB4_Some_very_special_jeans_1,,video,BQACAgQAAxkBAAIBWGqisqpB1x0AAduBmcLsR603GkXpmAACMSEAAiIDEVEIhY7V9emPAj0E,0,listening
student_book,level_4,1,1.4,AEF3e_SB4_The_speed_of_news_4,,video,BQACAgQAAxkBAAIBVGqisqo_1iie_NDvg4tNtjZgDvZNAAItIQACIgMRUUPvyR7emlDuPQQ,0,listening
student_book,level_5,1,1.1,AEF3e_SB5_PE1_Interview_Part_1,,video,BQACAgQAAxkBAAIBaWqisrnuAaEXnjz7zibpxsGgZcwaAAI_IQACIgMRUZVtUu8O5g1KPQQ,0,interview
student_book,level_5,1,1.2,AEF3e_SB5_PE1_Interview_Part_2,,video,BQACAgQAAxkBAAIBX2qisrl-0l-ojuJmlupu0WC3JDgHAAI1IQACIgMRUYM_CSrKCh9MPQQ,0,interview
student_book,level_5,1,1.3,AEF3e_SB5_PE1_Interview_Part_3,,video,BQACAgQAAxkBAAIBaGqisrlsUE_x8FcuhLAo3KpJV7oKAAI-IQACIgMRUYUgrOWaY1DdPQQ,0,interview
student_book,level_5,1,1,AEF3e_SB5_PE1_Looking_at_language,,video,BQACAgQAAxkBAAIBXmqisrl7K5DyjXVV1EKys5jvSTOOAAI0IQACIgMRUXOx6N8r9XXWPQQ,0,interview
student_book,level_5,1,1.1,AEF3e_SB5_PE2&3_Interview_Part_1,,video,BQACAgQAAxkBAAIBZ2qisrl1nyZ1N9XnnI-2kugsG1lSAAI9IQACIgMRUR-o-biJIvvrPQQ,0,interview
student_book,level_5,1,1.2,AEF3e_SB5_PE2&3_Interview_Part_2,,video,BQACAgQAAxkBAAIBXWqisrkKvgb59EzgyVRs8g49jGjoAAIzIQACIgMRUcuIAdnCmIiZPQQ,0,interview
student_book,level_5,1,1.3,AEF3e_SB5_PE2&3_Interview_Part_3,,video,BQACAgQAAxkBAAIBZmqisrlULyeUgTz2ch5CsOdaZKugAAI8IQACIgMRUavKl9j2pA99PQQ,0,interview
student_book,level_5,1,1,AEF3e_SB5_PE2&3_Looking_at_language,,video,BQACAgQAAxkBAAIBXGqisrlkF5I16Hktun6qSYxaVBs9AAIyIQACIgMRUR2OpOtHBR8rPQQ,0,interview
student_book,level_5,1,1.1,AEF3e_SB5_PE4&5_Interview_Part_1,,video,BQACAgQAAxkBAAIBZWqisrmdJ6EfD_d4UVQtYRZV2pLcAAI7IQACIgMRUS-bO_rV4w0gPQQ,0,interview
student_book,level_5,1,1.2,AEF3e_SB5_PE4&5_Interview_Part_2,,video,BQACAgQAAxkBAAIBb2qisrkxDstOMdExzSWv-ITerPrOAAJFIQACIgMRUTj5k2X6JJ2QPQQ,0,interview
student_book,level_5,1,1.3,AEF3e_SB5_PE4&5_Interview_Part_3,,video,BQACAgQAAxkBAAIBbmqisrmzEd2bUp8OJ9amfIzywZiAAAJEIQACIgMRUYuXH2TgfGAbPQQ,0,interview
student_book,level_5,1,1,AEF3e_SB5_PE4&5_Looking_at_language,,video,BQACAgQAAxkBAAIBZGqisrnZXmP47MzkJzVDRuMMX0UIAAI6IQACIgMRUc-lHsiw3PVFPQQ,0,interview
student_book,level_5,1,1.1,AEF3e_SB5_PE6&7_Interview_Part_1,,video,BQACAgQAAxkBAAIBbWqisrlkLb7wr-sk_jhgOL8Tia08AAJDIQACIgMRUd2TE6V_4yJNPQQ,0,interview
student_book,level_5,1,1.2,AEF3e_SB5_PE6&7_Interview_Part_2,,video,BQACAgQAAxkBAAIBY2qisrlmCRNbtFYkoCBKX319EKvhAAI5IQACIgMRUSIdSKlFUOvhPQQ,0,interview
student_book,level_5,1,1.3,AEF3e_SB5_PE6&7_Interview_Part_3,,video,BQACAgQAAxkBAAIBbGqisrkh92UP-ClE9fYS_cWIeMalAAJCIQACIgMRUfAZBvze7NB9PQQ,0,interview
student_book,level_5,1,1,AEF3e_SB5_PE6&7_Looking_at_language,,video,BQACAgQAAxkBAAIBYmqisrn01f4we3WyNiIMPuYDSXubAAI4IQACIgMRUVf89x1Pwr3QPQQ,0,interview
student_book,level_5,1,1.1,AEF3e_SB5_PE8&9_Interview_Part_1,,video,BQACAgQAAxkBAAIBa2qisrmvPO_UasRre_rFhT4NwX7yAAJBIQACIgMRUdf4flzB6AtZPQQ,0,interview
student_book,level_5,1,1.2,AEF3e_SB5_PE8&9_Interview_Part_2,,video,BQACAgQAAxkBAAIBYWqisrme39t6YaSfHh-2fZFw4T4eAAI3IQACIgMRUUTU4NHQURTSPQQ,0,interview
student_book,level_5,1,1.3,AEF3e_SB5_PE8&9_Interview_Part_3,,video,BQACAgQAAxkBAAIBamqisrkNCiTYuDNfvh1ftxKtkIXUAAJAIQACIgMRUePYUSfbm3NzPQQ,0,interview
student_book,level_5,1,1,AEF3e_SB5_PE8&9_Looking_at_language,,video,BQACAgQAAxkBAAIBYGqisrn7cQIEWKuodDXTgRO7EEUxAAI2IQACIgMRUc9wEo2xVmA1PQQ,0,interview
student_book,level_5,1,1.5,AEF3e_SB5_Ellis_Island_5,,video,BQACAgQAAxkBAAIBd2qissP8IUw_bWEjIFrKzS7l_3l0AAJKIQACIgMRUTCVQOIEAAGnID0E,0,review
student_book,level_5,1,1.3,AEF3e_SB5_Giving_presentations_3,,video,BQACAgQAAxkBAAIBdmqissPlrndT-tKpTd_NXjv0MzQWAAJJIQACIgMRUe6tMnD4XiP_PQQ,0,review
student_book,level_5,1,1.2,AEF3e_SB5_The_comic_book_writer_2,,video,BQACAgQAAxkBAAIBdWqissMadz2uI7aFVOOU7SSgxty2AAJIIQACIgMRURNZJDVNpm2aPQQ,0,review
student_book,level_5,1,1.1,AEF3e_SB5_The_history_of_English_1,,video,BQACAgQAAxkBAAIBdGqissPylWZz9cD5BoyPhTaJqwcLAAJHIQACIgMRUS7CYahSufzEPQQ,0,review
student_book,level_5,1,1.4,AEF3e_SB5_The_history_of_penicillin_4,,video,BQACAgQAAxkBAAIBc2qissOCgQk7VUFRdTICqSFbqhY3AAJGIQACIgMRUdFsPiAIB_l-PQQ,0,review
student_book,level_5,1,1,AEF3e_SB5_PE1_On_the_street,,video,BQACAgQAAxkBAAIBgGqistNHX--H_QZFxTYFe9GNXXyLAAJQIQACIgMRUXalZhRNvWmsPQQ,0,street
student_book,level_5,1,1,AEF3e_SB5_PE1_On_the_street_extracts,,video,BQACAgQAAxkBAAIBhGqistPRCxsD7R75F9yHUK56frJgAAJUIQACIgMRUfj9c2leMmjRPQQ,0,street
student_book,level_5,1,1,AEF3e_SB5_PE2&3_On_the_street,,video,BQACAgQAAxkBAAIBgmqistNc7TvAB0SuQgyBQD7QgkmCAAJSIQACIgMRUZANAQlcP1HIPQQ,0,street
student_book,level_5,1,1,AEF3e_SB5_PE2&3_On_the_street_extracts,,video,BQACAgQAAxkBAAIBfGqistOxDTWUrGBSuV9EWJgClUhWAAJMIQACIgMRUSH5apnlZIRrPQQ,0,street
student_book,level_5,1,1,AEF3e_SB5_PE4&5_On_the_street,,video,BQACAgQAAxkBAAIBg2qistM4yn9DILi1_210iM3IN-YWAAJTIQACIgMRUZGxlR7PoKq6PQQ,0,street
student_book,level_5,1,1,AEF3e_SB5_PE4&5_On_the_street_extracts,,video,BQACAgQAAxkBAAIBfWqistPko5WFiXh0YZXX6JynGPiCAAJNIQACIgMRUU5Ti5sqvaqsPQQ,0,street
student_book,level_5,1,1,AEF3e_SB5_PE6&7_On_the_street,,video,BQACAgQAAxkBAAIBe2qistOKvDEl2Bdgmbs-yoUUuRW-AAJLIQACIgMRUSWac7o2NqANPQQ,0,street
student_book,level_5,1,1,AEF3e_SB5_PE6&7_On_the_street_extracts,,video,BQACAgQAAxkBAAIBf2qistPhVay_ynvi3x9j9kTS8a2EAAJPIQACIgMRUVjwQpQy-sQcPQQ,0,street
student_book,level_5,1,1,AEF3e_SB5_PE8&9_On_the_street,,video,BQACAgQAAxkBAAIBfmqistNjMKu59TKbgAUCheKdMhTpAAJOIQACIgMRUWGY5MfBwX4pPQQ,0,street
student_book,level_5,1,1,AEF3e_SB5_PE8&9_On_the_street_extracts,,video,BQACAgQAAxkBAAIBgWqistP_UoqbXF7gywABOjzAfe7-pwACUSEAAiIDEVFv1Jv5uLiDoj0E,0,street
